epoch,steps,cosine_pearson,cosine_spearman,euclidean_pearson,euclidean_spearman,manhattan_pearson,manhattan_spearman,dot_pearson,dot_spearman
0,-1,0.87639724979214,0.8763799215414771,0.8124872726002159,0.8182174741587028,0.8126235105557482,0.8175804269426791,0.7182239104514455,0.7415339993013829
1,-1,0.8777598089443023,0.8779326698957277,0.8142666045210835,0.819780748194978,0.814339613205761,0.8192987606472092,0.7238070009058362,0.7459380317376452
