,word,prob
0,i,0.8783333333333333
1,ill,0.002916666666666667
2,im,0.08833333333333333
3,ive,0.017916666666666668
4,during,0.0004166666666666667
5,id,0.0033333333333333335
6,the,0.00125
7,on,0.0004166666666666667
8,is,0.0004166666666666667
9,no,0.0004166666666666667
10,a,0.00125
11,in,0.0004166666666666667
12,when,0.0033333333333333335
13,heated,0.0004166666666666667
14,this,0.0004166666666666667
15,occured,0.0004166666666666667
