Bigram,Probability
i feel,0.021855927103928478
i am,0.006296742026992178
feel like,0.005308175019341528
i was,0.004319608011690879
that i,0.0037178715722513537
