epoch,steps,cosine_pearson,cosine_spearman,euclidean_pearson,euclidean_spearman,manhattan_pearson,manhattan_spearman,dot_pearson,dot_spearman
0,-1,0.8777039569983888,0.8775338766025595,0.8141419774689284,0.8199069552417719,0.8143816368538703,0.819357181739581,0.7207094326359917,0.7440880565563148
1,-1,0.8780294804949527,0.8781246800108692,0.8150744558728331,0.8208094574028515,0.8152522624630173,0.8201209776562455,0.7235690770892563,0.7461966633754894
