epoch,steps,cosine_pearson,cosine_spearman,euclidean_pearson,euclidean_spearman,manhattan_pearson,manhattan_spearman,dot_pearson,dot_spearman
-1,-1,0.8777598089443023,0.8779326698957277,0.8142666045210835,0.819780748194978,0.814339613205761,0.8192987606472092,0.7238070009058362,0.7459380317376452
