Probability,Word1,Word2
0.008992572752375074,i,feel
0.002597069144595552,i,am
0.001784380840844563,i,was
0.0012720338667406785,i,have
0.0012347385504928065,feel,like
