Bigram,Probability
i feel,0.002667915843968589
i am,0.0007686325882820024
i was,0.0005272872022002817
i have,0.00037513467619224017
feel like,0.000279944668384732
