Bigram,Probability
i feel,0.03276417525773196
i am,0.009439432989690721
feel like,0.007957474226804123
i was,0.006475515463917526
that i,0.005573453608247423
