Probability,Word1,Word2
0.021986114578959378,i,feel
0.00629499336851704,i,am
0.0061222195776058155,and,i
0.005416992640885109,feel,like
0.0047854349934717535,that,i
